{
    "accuracy": 0.9829418344519015,
    "precision": 0.9,
    "recall": 0.7283236994219653,
    "f1": 0.805111821086262,
    "auc": 0.9643734956745069
}