{
  "model_name": "LightGBM Ensemble",
  "model_type": "LightGBM",
  "optimal_threshold": 0.45999999999999985,
  "performance_metrics": {
    "precision": 0.7564766839378239,
    "recall": 0.8439306358381503,
    "f1_score": 0.7978142076502732,
    "f2_score": 0.8248587570408318,
    "auc_roc": 0.987279160346447,
    "auc_pr": 0.8883361852670244
  },
  "confusion_matrix": {
    "tn": 3356,
    "fp": 47,
    "fn": 27,
    "tp": 146
  },
  "business_metrics": {
    "fraud_detection_rate": 84.39306358381504,
    "false_alarm_rate": 1.3811342932706436,
    "frauds_caught": 146,
    "frauds_missed": 27
  },
  "training_info": {
    "train_samples": 14304,
    "test_samples": 3576,
    "fraud_ratio": 0.04843400447427293,
    "resampled_ratio": 0.3333333333333333
  }
}