{
  "best_model": "Manual Perceptron",
  "performance_metrics": {
    "precision": 0.6521739130434783,
    "recall": 0.6896551724137931,
    "f1": 0.6703910614525139,
    "accuracy": 0.9670022371364653,
    "roc_auc": 0.9616114929014036,
    "pr_auc": 0.736458628614864
  },
  "business_impact": {
    "frauds_caught": "60/87 (69.0%)",
    "frauds_missed": 27,
    "false_alarms": 32,
    "fraud_detection_rate": 68.96551724137932,
    "false_alarm_rate": 1.88124632569077
  },
  "best_configuration": {
    "lr": 0.001,
    "weights": null
  }
}