{
    "Accuracy": 0.9762304250559284,
    "Precision": 0.7650602409638554,
    "Recall": 0.7341040462427746,
    "F1_Score": 0.7492625368731564,
    "Best_Threshold": 0.40000000000000013
}