{
  "best_model": "svm_weight_20",
  "performance_metrics": {
    "accuracy":0.9672,
    "precision": 0.5402298850574713,
    "recall": 0.815028901734104,
    "f1": 0.6497695852534562,
    "f2": 0.7397691500524659,
    "threshold": 0.35232836248092697,
    "auc_roc": 0.9575 
  },
  "business_impact": {
    "frauds_caught": "141/173 (81.5%)",
    "frauds_missed": 32,
    "false_alarms": 120,
    "fraud_detection_rate": 81.5028901734104,
    "false_alarm_rate": 3.5263003232441963
  },
  "all_models_comparison": {
    "svm_weight_5": {
      "precision": 0.4605678233438486,
      "recall": 0.8439306358381503,
      "f1": 0.5959183673469388,
      "f2": 0.7234886025768087,
      "threshold": -0.21435528047275731
    },
    "svm_weight_10": {
      "precision": 0.4758842443729904,
      "recall": 0.8554913294797688,
      "f1": 0.6115702479338843,
      "f2": 0.7377866400797608,
      "threshold": 0.024152175462435102
    },
    "svm_weight_15": {
      "precision": 0.4867549668874172,
      "recall": 0.8497109826589595,
      "f1": 0.6189473684210526,
      "f2": 0.73943661971831,
      "threshold": 0.18977947458701444
    },
    "svm_weight_20": {
      "precision": 0.5402298850574713,
      "recall": 0.815028901734104,
      "f1": 0.6497695852534562,
      "f2": 0.7397691500524659,
      "threshold": 0.35232836248092697
    }
  }
}