{
  "model_name": "XGBoost Ensemble",
  "model_type": "XGBoost",
  "optimal_threshold": 0.45999999999999985,
  "performance_metrics": {
    "precision": 0.7606382978723404,
    "recall": 0.8265895953757225,
    "f1_score": 0.7922437673130194,
    "f2_score": 0.8124999999790005,
    "auc_roc": 0.9889539831396642,
    "auc_pr": 0.8941207274189741
  },
  "confusion_matrix": {
    "tn": 3356,
    "fp": 47,
    "fn": 27,
    "tp": 146
  },
  "business_metrics": {
    "fraud_detection_rate": 84.39306358381504,
    "false_alarm_rate": 1.3811342932706436,
    "frauds_caught": 146,
    "frauds_missed": 27
  },
  "training_info": {
    "train_samples": 14304,
    "test_samples": 3576,
    "fraud_ratio": 0.04843400447427293,
    "resampled_ratio": 0.3333333333333333
  }
}